,nr,plot,block,irrigation,fertilization,type,rep,sampling.date,x,var3,AOA_nbc_per_ngDNA,AOA_nbc_per_g_DW_soil,AOA_16S_ratio_percent,AOB_nbc_per_ngDNA,AOB_nbc_per_g_DW_soil,AOB_16S_ratio_percent,AOA_AOB_ratio,AOA_AOB_ratio_percent,ComA_nbc_per_ngDNA,ComA_nbc_per_g_DW_soil,ComA_16S_ratio_percent,ComB_nbc_per_ngDNA,ComB_nbc_per_g_DW_soil,ComB_16S_ratio_percent,ComA_ComB_ratio,ComA_ComB_ratio_percent,Tot_nbc_per_ngDNA,Tot_nbc_per_g_DW_soil,AOA_logDWS,AOB_logDWS,ComA_logDWS,ComB_logDWS,Tot_logDWS,AOA_16.arc.ratio,AOB_16.arc.ratio,ComA_16.arc.ratio,ComB_16.arc.ratio,AOA_AOB.arc.ratio,ComA_ComB.arc.ratio
S1,1,1,1,control,M,BS,1,Apr 28th,cont.M,CMBS1,16600,1.24E+08,4.04,6930,51800000,1.69,2.39,239.2375396,859,6420000,0.209,203,1520000,0.049,4.23,423.3703875,411000,3.07E+09,8.093421685,7.71432976,6.807535028,6.181843588,9.487138375,0.202376109,0.13036898,0.045732457,0.022137752,0.155218776,0.207147925
S2,2,2,1,rainout,M,BS,1,Apr 28th,rain.M,RMBS1,22300,1.65E+08,4.73,5510,40700000,1.17,4.05,404.7571975,1400,10300000,0.297,226,1670000,0.048,6.18,617.8377364,471000,3.48E+09,8.217483944,7.609594409,7.012837225,6.222716471,9.541579244,0.219237699,0.108378581,0.054524719,0.021910655,0.2026299,0.251230541
S3,3,3,2,control,D,BS,1,Apr 28th,cont.D,CDBS1,22600,2.05E+08,5.01,5200,47200000,1.15,4.34,433.8944329,1490,13600000,0.331,333,3020000,0.074,4.49,448.7398905,450000,4.09E+09,8.311753861,7.673941999,7.133538908,6.480006943,9.611723308,0.225742713,0.107444664,0.057564386,0.027206297,0.209863776,0.213514813
S4,4,4,2,rainout,D,BS,1,Apr 28th,rain.D,RDBS1,22200,2.23E+08,3.93,5890,59200000,1.04,3.76,376.1353741,1830,18400000,0.324,247,2480000,0.044,7.4,739.5637516,565000,5.67E+09,8.348304863,7.772321707,7.264817823,6.394451681,9.753583059,0.199564279,0.102157989,0.05695178,0.020977716,0.195143379,0.275501345
S5,5,5,3,control,K,BS,1,Apr 28th,cont.K,CKBS1,22800,2.05E+08,3.83,15500,1.39E+08,2.6,1.47,147.2919746,2330,20900000,0.39,223,2.00E+06,0.037,10.43,1043.255827,596000,5.35E+09,8.311753861,8.1430148,7.320146286,6.301029996,9.728353782,0.196975136,0.161952188,0.062490644,0.01923657,0.121542586,0.328850253
S6,6,6,3,rainout,K,BS,1,Apr 28th,rain.K,RKBS1,22600,1.77E+08,5.84,5910,46200000,1.53,3.82,382.3540631,1380,10800000,0.357,178,1390000,0.046,7.76,776.0631467,387000,3.02E+09,8.247973266,7.664641976,7.033423755,6.1430148,9.480006943,0.244077139,0.124010778,0.059785085,0.021449255,0.196714446,0.282302522
S7,7,7,4,control,K,BS,2,Apr 28th,cont.K,CKBS1,15800,1.58E+08,2.27,7180,71400000,1.03,2.21,220.511846,1350,13400000,0.193,240,2380000,0.034,5.63,562.9636071,699000,6.95E+09,8.198657087,7.853698212,7.127104798,6.376576957,9.841984805,0.151241111,0.101663951,0.043945909,0.018440134,0.149213773,0.239561025
S8,8,8,4,rainout,K,BS,2,Apr 28th,rain.K,RKBS1,20300,1.78E+08,4.39,7740,68100000,1.68,2.62,261.5953998,2290,20200000,0.497,225,1980000,0.049,10.21,1021.057926,462000,4.06E+09,8.250420002,7.833147112,7.305351369,6.29666519,9.608526034,0.211087381,0.129980507,0.070556754,0.022137752,0.162579413,0.3252344
S9,9,9,5,control,M,BS,2,Apr 28th,cont.M,CMBS1,9780,99400000,2.32,4320,43900000,1.03,2.26,226.1524265,1660,16900000,0.394,172,1750000,0.041,9.64,963.716891,421000,4.28E+09,7.997386384,7.64246452,7.227886705,6.243038049,9.631443769,0.15291065,0.101663951,0.062810711,0.020249841,0.150905055,0.315701621
S10,10,10,5,rainout,M,BS,2,Apr 28th,rain.M,RMBS1,20300,1.89E+08,2.99,8280,7.70E+07,1.22,2.46,245.501272,2980,27700000,0.439,404,3760000,0.06,7.38,737.891877,679000,6.31E+09,8.276461804,7.886490725,7.442479769,6.575187845,9.800029359,0.173789668,0.110679441,0.066305649,0.024497348,0.157494156,0.275119094
S11,11,11,6,control,D,BS,2,Apr 28th,cont.D,CDBS1,22600,2.93E+08,8.83,7380,95700000,2.89,3.06,305.914174,2730,35300000,1.066,348,4510000,0.136,7.84,784.0587173,256000,3.32E+09,8.46686762,7.980911938,7.547774705,6.654176542,9.521138084,0.301709749,0.170829669,0.103431598,0.036886542,0.175833206,0.283794109
S12,12,12,6,rainout,D,BS,2,Apr 28th,rain.D,RDBS1,24700,2.88E+08,3.18,7720,90100000,0.99,3.2,319.9673707,3000,3.50E+07,0.386,332,3870000,0.043,9.05,904.6671993,778000,9.07E+09,8.459392488,7.954724791,7.544068044,6.587710965,9.957607287,0.179284457,0.099663652,0.062168937,0.020737928,0.1798535,0.305565135
S13,13,13,7,control,D,BS,3,Apr 28th,cont.D,CDBS1,19200,3.72E+08,6.06,10700,2.08E+08,3.38,1.79,179.3291727,1620,31400000,0.511,665,12900000,0.21,2.44,243.642783,317000,6.15E+09,8.57054294,8.318063335,7.496929648,7.11058971,9.788875116,0.24872735,0.184899516,0.071545285,0.045841811,0.134193274,0.156847305
S14,14,14,7,rainout,D,BS,3,Apr 28th,rain.D,RDBS1,12400,3.29E+08,2.7,6580,1.75E+08,1.43,1.89,188.5034605,1820,48200000,0.395,277,7350000,0.06,6.56,655.6693286,460000,1.22E+10,8.517195898,8.243038049,7.683047038,6.866287339,10.08635983,0.165065324,0.119869462,0.062890475,0.024497348,0.137914049,0.259011313
S15,15,15,8,control,M,BS,3,Apr 28th,cont.M,CMBS1,5350,91800000,1.59,9080,1.56E+08,2.7,0.59,58.91972772,2040,35100000,0.609,226,3870000,0.067,9.06,906.1071486,336000,5.76E+09,7.962842681,8.193124598,7.545307116,6.587710965,9.760422483,0.126431768,0.165065324,0.078117879,0.02588725,0.07688719,0.30573937
S16,16,16,8,rainout,M,BS,3,Apr 28th,rain.M,RMBS1,7780,1.31E+08,2.21,9500,1.60E+08,2.7,0.82,81.88318716,1810,30500000,0.516,216,3640000,0.061,8.39,839.1306711,352000,5.93E+09,8.117271296,8.204119983,7.484299839,6.561101384,9.773054693,0.149213773,0.165065324,0.07189506,0.02470069,0.090678067,0.293866332
S17,17,17,9,control,K,BS,3,Apr 28th,cont.K,CKBS1,7640,2.03E+08,1.92,14000,3.72E+08,3.52,0.55,54.57796556,1880,49900000,0.472,231,6150000,0.058,8.11,811.4143528,398000,1.06E+10,8.307496038,8.57054294,7.698100546,6.788875116,10.02530587,0.139011345,0.188735124,0.068756417,0.024085518,0.074230135,0.288777561
S18,18,18,9,rainout,K,BS,3,Apr 28th,rain.K,RKBS1,9720,2.18E+08,3.12,6850,1.54E+08,2.2,1.42,141.900173,1450,32600000,0.467,154,3460000,0.049,9.43,943.3827315,312000,6.99E+09,8.338456494,8.187520721,7.5132176,6.539076099,9.844477176,0.177566861,0.14887328,0.0683907,0.022137752,0.119447591,0.312126467
S19,19,19,10,control,K,BS,4,Apr 28th,cont.K,CKBS1,9110,2.47E+08,2.28,7710,2.10E+08,1.94,1.18,118.0344912,1370,37200000,0.343,313,8510000,0.079,4.36,436.4730832,399000,1.08E+10,8.392696953,8.322219295,7.57054294,6.92992956,10.03342376,0.151576444,0.139738212,0.058599734,0.028110641,0.108842582,0.210354021
S20,20,20,10,rainout,K,BS,4,Apr 28th,rain.K,RKBS1,10200,2.21E+08,2.64,10000,2.17E+08,2.6,1.02,101.6641908,2550,55200000,0.66,327,7080000,0.085,7.8,779.6809175,386000,8.36E+09,8.344392274,8.336459734,7.741939078,6.850033258,9.922206277,0.163204313,0.161952188,0.081330015,0.029158891,0.101167534,0.283049191
S21,21,21,11,control,D,BS,4,Apr 28th,cont.D,CDBS1,9260,3.29E+08,2.69,5830,2.07E+08,1.69,1.59,158.8766784,2790,99200000,0.812,340,12100000,0.099,8.21,821.2271066,344000,1.22E+10,8.517195898,8.315970345,7.996511672,7.08278537,10.08635983,0.164756562,0.13036898,0.090233441,0.031469459,0.126431768,0.290604024
S22,22,22,11,rainout,D,BS,4,Apr 28th,rain.D,RDBS1,18300,5.92E+08,3.32,8270,2.68E+08,1.51,2.21,220.8456783,3480,1.13E+08,0.634,389,12600000,0.071,8.95,894.7803609,549000,1.78E+10,8.772321707,8.428134794,8.053078443,7.100370545,10.25042,0.18323226,0.123193431,0.079708494,0.026648979,0.149213773,0.303817987
S23,23,23,12,control,M,BS,4,Apr 28th,cont.M,CMBS1,13300,3.04E+08,2.79,12900,2.97E+08,2.72,1.02,102.4772518,3020,69200000,0.634,243,5580000,0.051,12.41,1241.150268,476000,1.09E+10,8.482873584,8.472756449,7.840106094,6.746634199,10.0374265,0.167819551,0.165681184,0.079708494,0.0225851,0.101167534,0.360004344
S24,24,24,12,rainout,M,BS,4,Apr 28th,rain.M,RMBS1,9120,2.78E+08,2.25,10200,3.10E+08,2.51,0.9,89.78859859,2420,73900000,0.599,293,8940000,0.072,8.26,826.3904063,405000,1.23E+10,8.444044796,8.491361694,7.868644438,6.951337519,10.08990511,0.150568273,0.15910016,0.077472565,0.026836037,0.095011212,0.291513456
S25,25,1,1,control,M,BS,1,Jun 1st,cont.M,CMBS2,13100,1.55E+08,4.47,8240,97100000,2.81,1.59,159.0996722,1090,12900000,0.372,263,3100000,0.09,4.15,415.3290367,293000,3.46E+09,8.190331698,7.98721923,7.11058971,6.491361694,9.539076099,0.213031405,0.168425712,0.061029681,0.030004502,0.126431768,0.205151503
S26,26,2,1,rainout,M,BS,1,Jun 1st,rain.M,RMBS2,19100,1.91E+08,4.65,8950,89600000,2.18,2.13,213.4490198,1590,1.60E+07,0.388,221,2210000,0.054,7.21,721.0606602,411000,4.11E+09,8.281033367,7.95230801,7.204119983,6.344392274,9.613841822,0.217345755,0.148190018,0.062329997,0.023239992,0.146468331,0.271850494
S27,27,3,2,control,D,BS,1,Jun 1st,cont.D,CDBS2,15700,2.12E+08,4.53,5810,78600000,1.68,2.69,269.4245444,1520,20600000,0.44,263,3560000,0.076,5.78,578.3931015,346000,4.68E+09,8.326335861,7.895422546,7.31386722,6.551449998,9.670245853,0.214478562,0.129980507,0.066381236,0.027571591,0.164756562,0.242794713
S28,28,4,2,rainout,D,BS,1,Jun 1st,rain.D,RDBS2,21500,2.40E+08,5.67,6300,70500000,1.66,3.41,340.6071323,1930,21600000,0.509,231,2580000,0.061,8.36,836.2767341,379000,4.23E+09,8.380211242,7.848189117,7.334453751,6.411619706,9.626340367,0.240427259,0.129200137,0.071404899,0.02470069,0.185727787,0.29332484
S29,29,5,3,control,K,BS,1,Jun 1st,cont.K,CKBS2,14200,1.86E+08,4.28,6850,9.00E+07,2.07,2.07,206.8828805,2060,2.70E+07,0.621,237,3110000,0.072,8.67,866.9656944,331000,4.35E+09,8.269512944,7.954242509,7.431363764,6.492760389,9.638489257,0.208386533,0.144375996,0.078885344,0.026836037,0.144375996,0.298878527
S30,30,6,3,rainout,K,BS,1,Jun 1st,rain.K,RKBS2,13900,1.56E+08,4.59,6360,71300000,2.09,2.19,219.3641959,1430,1.60E+07,0.469,158,1780000,0.052,9.01,900.9936849,304000,3.41E+09,8.193124598,7.85308953,7.204119983,6.250420002,9.532754379,0.215916618,0.145076699,0.068537219,0.022805485,0.14853203,0.304867324
S31,31,7,4,control,K,BS,2,Jun 1st,cont.K,CKBS2,20600,2.68E+08,4.88,8230,1.07E+08,1.95,2.51,250.5832912,1910,24800000,0.451,310,4030000,0.073,6.15,615.183678,423000,5.50E+09,8.428134794,8.029383778,7.394451681,6.605305046,9.740362689,0.222744574,0.140100268,0.067207116,0.027021801,0.15910016,0.250606888
S32,32,8,4,rainout,K,BS,2,Jun 1st,rain.K,RKBS2,17100,1.95E+08,4.4,6980,79700000,1.8,2.45,245.0853392,2690,30700000,0.692,295,3380000,0.076,9.1,910.2502542,388000,4.44E+09,8.290034611,7.901458321,7.487138375,6.5289167,9.64738297,0.211331302,0.134569866,0.083282779,0.027571591,0.157171052,0.306435447
S33,33,9,5,control,M,BS,2,Jun 1st,cont.M,CMBS2,15800,2.03E+08,4.85,6860,88400000,2.11,2.3,229.8154327,2130,27500000,0.656,251,3240000,0.077,8.48,848.214006,325000,4.19E+09,8.307496038,7.946452265,7.439332694,6.51054501,9.622214023,0.222047337,0.145774128,0.081082643,0.027752436,0.152244963,0.295485555
S34,34,10,5,rainout,M,BS,2,Jun 1st,rain.M,RMBS2,10700,1.36E+08,2.96,7400,94300000,2.05,1.44,144.4381607,2190,27900000,0.605,226,2880000,0.062,9.69,969.1525497,362000,4.61E+09,8.133538908,7.974511693,7.445604203,6.459392488,9.663700925,0.172906777,0.143671971,0.07786039,0.024902373,0.120289882,0.316547701
S35,35,11,6,control,D,BS,2,Jun 1st,cont.D,CDBS2,16700,2.43E+08,5.89,6040,87500000,2.13,2.77,277.1161822,2410,34900000,0.846,271,3930000,0.095,8.87,886.6918273,284000,4.12E+09,8.385606274,7.942008053,7.542825427,6.59439255,9.614897216,0.245141114,0.146468331,0.092108444,0.030826952,0.167211275,0.302413923
S36,36,12,6,rainout,D,BS,2,Jun 1st,rain.D,RDBS2,19100,2.55E+08,4.65,6490,86600000,1.58,2.95,294.836227,2460,32800000,0.598,237,3160000,0.058,10.39,1039.309638,411000,5.48E+09,8.40654018,7.937517892,7.515873844,6.499687083,9.738780558,0.217345755,0.126031432,0.077407741,0.024085518,0.172611517,0.328195353
S37,37,13,7,control,D,BS,3,Jun 1st,cont.D,CDBS2,25500,4.38E+08,5.53,7440,1.28E+08,1.61,3.43,342.6797708,2090,35900000,0.453,409,7030000,0.089,5.11,511.0744745,461000,7.92E+09,8.641474111,8.10720997,7.555094449,6.846955325,9.898725182,0.237382688,0.127228743,0.067356194,0.029837295,0.186278017,0.228023976
S38,38,14,7,rainout,D,BS,3,Jun 1st,rain.D,RDBS2,14200,2.40E+08,4.36,5860,99500000,1.81,2.41,241.4501616,1700,28800000,0.523,319,5410000,0.098,5.32,531.676352,325000,5.50E+09,8.380211242,7.997823081,7.459392488,6.733197265,9.740362689,0.210354021,0.134945433,0.072381926,0.031310067,0.155872162,0.232746928
S39,39,15,8,control,M,BS,3,Jun 1st,cont.M,CMBS2,8010,1.37E+08,3.26,6830,1.16E+08,2.78,1.17,117.352418,1530,26100000,0.624,171,2910000,0.07,8.96,896.3455657,246000,4.19E+09,8.136720567,8.064457989,7.416640507,6.463892989,9.622214023,0.181550392,0.167515678,0.079076056,0.026460601,0.108378581,0.303993096
S40,40,16,8,rainout,M,BS,3,Jun 1st,rain.M,RMBS2,10800,1.03E+08,2.95,6860,66100000,1.89,1.57,156.632072,2070,19900000,0.567,207,1990000,0.057,9.97,997.0756361,364000,3.50E+09,8.012837225,7.820201459,7.298853076,6.298853076,9.544068044,0.172611517,0.137914049,0.075370742,0.023876941,0.125629847,0.321250221
S41,41,17,9,control,K,BS,3,Jun 1st,cont.K,CKBS2,11600,2.11E+08,3.17,9090,1.66E+08,2.49,1.27,127.4310635,2110,38500000,0.578,351,6400000,0.096,6.02,602.1632258,366000,6.67E+09,8.324282455,8.220108088,7.58546073,6.806179974,9.824125834,0.178999286,0.158459646,0.076099741,0.030988826,0.112934187,0.247887811
S42,42,18,9,rainout,K,BS,3,Jun 1st,rain.K,RKBS2,11300,2.02E+08,4.07,6850,1.22E+08,2.47,1.65,164.7608628,1360,24300000,0.49,161,2870000,0.058,8.46,845.8594512,277000,4.96E+09,8.305351369,8.086359831,7.385606274,6.457881897,9.695481676,0.203136584,0.15781662,0.070057293,0.024085518,0.128808219,0.295126404
S43,43,19,10,control,K,BS,4,Jun 1st,cont.K,CKBS2,12400,2.05E+08,3.66,8530,1.41E+08,2.52,1.46,145.5024163,2450,40500000,0.724,366,6040000,0.108,6.7,670.3849462,339000,5.59E+09,8.311753861,8.149219113,7.607455023,6.781036939,9.747411808,0.192497913,0.159419484,0.085191199,0.032869272,0.121126429,0.26182479
S44,44,20,10,rainout,K,BS,4,Jun 1st,rain.K,RKBS2,11000,1.66E+08,2.96,8150,1.23E+08,2.2,1.35,134.6953098,2370,35800000,0.64,286,4330000,0.077,8.29,828.6894916,371000,5.60E+09,8.220108088,8.089905111,7.553883027,6.636487896,9.748188027,0.172906777,0.14887328,0.08008558,0.027752436,0.116452528,0.292057913
S45,45,21,11,control,D,BS,4,Jun 1st,cont.D,CDBS2,13900,2.53E+08,3.84,6950,1.26E+08,1.92,2,200.3235209,3010,54600000,0.83,364,6600000,0.1,8.27,827.2971168,362000,6.58E+09,8.403120521,8.100370545,7.737192643,6.819543936,9.818225894,0.197235498,0.139011345,0.091230837,0.031628049,0.141897055,0.291695042
S46,46,22,11,rainout,D,BS,4,Jun 1st,rain.D,RDBS2,15000,2.72E+08,4.82,6780,1.23E+08,2.18,2.21,220.5842581,2700,4.90E+07,0.869,253,4590000,0.081,10.68,1067.82924,310000,5.64E+09,8.434568904,8.089905111,7.69019608,6.661812686,9.751279104,0.221348051,0.148190018,0.093355714,0.028464343,0.149213773,0.332918525
S47,47,23,12,control,M,BS,4,Jun 1st,cont.M,CMBS2,8210,1.34E+08,3.21,6230,1.02E+08,2.44,1.32,131.7174784,2600,42600000,1.017,203,3320000,0.079,12.82,1281.608173,256000,4.19E+09,8.127104798,8.008600172,7.629409599,6.521138084,9.622214023,0.180137376,0.156847305,0.10101814,0.028110641,0.115145527,0.36617889
S48,48,24,12,rainout,M,BS,4,Jun 1st,rain.M,RMBS2,8150,1.59E+08,2.82,5350,1.04E+08,1.85,1.52,152.4796648,2360,46100000,0.818,237,4630000,0.082,9.95,994.5025287,289000,5.63E+09,8.201397124,8.017033339,7.663700925,6.665580991,9.750508395,0.168728008,0.136437614,0.090567113,0.028639557,0.123602766,0.320916293
S49,49,1,1,control,M,BS,1,Jul 5th,cont.M,CMBS3,10000,4.18E+08,2.11,10100,4.22E+08,2.13,0.99,99.16659274,1430,59800000,0.301,408,1.70E+07,0.086,3.51,351.0154938,475000,1.98E+10,8.621176282,8.625312451,7.776701184,7.230448921,10.29666519,0.145774128,0.146468331,0.054891027,0.029329962,0.099663652,0.188463619
S50,50,2,1,rainout,M,BS,1,Jul 5th,rain.M,RMBS3,7860,2.91E+08,2.09,10700,3.98E+08,2.85,0.73,73.16165776,1320,48800000,0.35,219,8110000,0.058,6.02,601.7669377,376000,1.40E+10,8.463892989,8.599883072,7.688419822,6.909020854,10.14612804,0.145076699,0.169631785,0.059195363,0.024085518,0.085544332,0.247887811
S51,51,3,2,control,D,BS,1,Jul 5th,cont.D,CDBS3,8050,4.22E+08,2.2,6300,3.30E+08,1.73,1.28,127.6816934,1350,70600000,0.369,312,16400000,0.085,4.32,431.6032157,365000,1.91E+10,8.625312451,8.51851394,7.848804701,7.214843848,10.28103337,0.14887328,0.131911691,0.060782791,0.029158891,0.113379845,0.209372451
S52,52,4,2,rainout,D,BS,1,Jul 5th,rain.D,RDBS3,8700,4.23E+08,2.18,7040,3.42E+08,1.76,1.23,123.4556099,1820,88300000,0.455,306,14900000,0.077,5.94,593.9543086,399000,1.94E+10,8.626340367,8.534026106,7.945960704,7.173186268,10.28780173,0.148190018,0.133057257,0.067504945,0.027752436,0.111133989,0.246200864
S53,53,5,3,control,K,BS,1,Jul 5th,cont.K,CKBS3,7280,2.86E+08,2.03,9030,3.55E+08,2.52,0.81,80.616888,1300,51300000,0.364,230,9040000,0.064,5.67,567.1482469,359000,1.41E+10,8.456366033,8.550228353,7.710117365,6.95616843,10.14921911,0.142964577,0.159419484,0.060369074,0.025300921,0.090121945,0.240427259
S54,54,6,3,rainout,K,BS,1,Jul 5th,rain.K,RKBS3,9050,4.30E+08,2.96,6880,3.27E+08,2.25,1.32,131.5305825,1190,56600000,0.39,189,8960000,0.062,6.31,631.301358,305000,1.45E+10,8.633468456,8.514547753,7.752816431,6.95230801,10.161368,0.172906777,0.150568273,0.062490644,0.024902373,0.115145527,0.253916847
S55,55,7,4,control,K,BS,2,Jul 5th,cont.K,CKBS3,6420,3.70E+08,2.11,7170,4.13E+08,2.35,0.9,89.60824612,1970,1.13E+08,0.646,206,11900000,0.068,9.52,952.1431368,304000,1.75E+10,8.568201724,8.615950052,8.053078443,7.075546961,10.24303805,0.145774128,0.15390395,0.080460914,0.026079766,0.095011212,0.313662992
S56,56,8,4,rainout,K,BS,2,Jul 5th,rain.K,RKBS3,5200,1.82E+08,1.11,5720,2.01E+08,1.22,0.91,90.8862564,2200,77300000,0.47,255,8970000,0.054,8.62,861.9811882,469000,1.65E+10,8.260071388,8.303196057,7.888179494,6.952792443,10.21748394,0.105552427,0.110679441,0.068610363,0.023239992,0.095539197,0.297988933
S57,57,9,5,control,M,BS,2,Jul 5th,cont.M,CMBS3,5680,2.03E+08,1.61,9810,3.51E+08,2.78,0.58,57.93048042,2270,81300000,0.644,234,8360000,0.066,9.72,972.0430395,353000,1.26E+10,8.307496038,8.545307116,7.910090546,6.922206277,10.10037055,0.127228743,0.167515678,0.080335996,0.025693292,0.076231543,0.317054414
S58,58,10,5,rainout,M,BS,2,Jul 5th,rain.M,RMBS3,5710,1.66E+08,1.89,6970,2.03E+08,2.31,0.82,81.9700123,1740,50700000,0.577,232,6760000,0.077,7.5,750.1707432,302000,8.79E+09,8.220108088,8.307496038,7.705007959,6.829946696,9.943988875,0.137914049,0.152578158,0.076033755,0.027752436,0.090678067,0.277405516
S59,59,11,6,control,D,BS,2,Jul 5th,cont.D,CDBS3,10300,4.89E+08,3.32,5530,2.64E+08,1.79,1.85,185.4865459,2380,1.13E+08,0.769,376,17900000,0.122,6.33,632.8532039,309000,1.47E+10,8.689308859,8.421603927,8.053078443,7.252853031,10.16731733,0.18323226,0.134193274,0.087805429,0.034935604,0.136437614,0.254327825
S60,60,12,6,rainout,D,BS,2,Jul 5th,rain.D,RDBS3,12300,6.71E+08,3.53,7240,3.94E+08,2.07,1.7,170.158499,2520,1.37E+08,0.721,289,15700000,0.083,8.71,870.883089,349000,1.90E+10,8.82672252,8.595496222,8.136720567,7.195899652,10.2787536,0.189006257,0.144375996,0.085014087,0.028813707,0.130756325,0.299588532
S61,61,13,7,control,D,BS,3,Jul 5th,cont.D,CDBS3,7180,3.86E+08,NA,5280,2.84E+08,NA,1.36,136.0758735,1440,77200000,NA,179,9600000,NA,8.04,804.2120363,NA,NA,8.586587305,8.45331834,7.8876173,6.982271233,NA,NA,NA,NA,NA,0.116885005,0.287492923
S62,62,14,7,rainout,D,BS,3,Jul 5th,rain.D,RDBS3,8840,4.79E+08,1.51,8450,4.59E+08,1.45,1.05,104.5168828,1240,67400000,0.212,447,24300000,0.076,2.78,277.7854728,584000,3.17E+10,8.680335513,8.661812686,7.828659897,7.385606274,10.50105926,0.123193431,0.120708866,0.046059742,0.027571591,0.102649682,0.167515678
S63,63,15,8,control,M,BS,3,Jul 5th,cont.M,CMBS3,4760,1.28E+08,1.46,6810,1.84E+08,2.09,0.7,69.87920688,1510,40700000,0.463,216,5820000,0.066,6.98,697.9376145,325000,8.78E+09,8.10720997,8.264817823,7.609594409,6.764922985,9.943494516,0.121126429,0.145076699,0.06809672,0.025693292,0.083763922,0.267371137
S64,64,16,8,rainout,M,BS,3,Jul 5th,rain.M,RMBS3,3360,7.50E+07,1.31,5570,1.25E+08,2.17,0.6,60.23990463,1070,2.40E+07,0.418,168,3760000,0.066,6.38,637.7107955,256000,5.73E+09,7.875061263,8.096910013,7.380211242,6.575187845,9.758154622,0.11470661,0.147847238,0.064698046,0.025693292,0.077537336,0.255352629
S65,65,17,9,control,K,BS,3,Jul 5th,cont.K,CKBS3,5810,2.37E+08,1.8,7560,3.09E+08,2.35,0.77,76.86130783,1350,55100000,0.419,224,9160000,0.07,6.02,601.6434014,322000,1.32E+10,8.374748346,8.489958479,7.741151599,6.961895474,10.12057393,0.134569866,0.15390395,0.064775498,0.026460601,0.087862648,0.247887811
S66,66,18,9,rainout,K,BS,3,Jul 5th,rain.K,RKBS3,7010,3.31E+08,2.26,8510,4.02E+08,2.75,0.82,82.37690399,1260,59600000,0.408,156,7360000,0.05,8.11,810.7972994,310000,1.46E+10,8.519827994,8.604226053,7.77524626,6.866877814,10.16435286,0.150905055,0.166600862,0.063918393,0.022362544,0.090678067,0.288777561
S67,67,19,10,control,K,BS,4,Jul 5th,cont.K,CKBS3,10500,4.54E+08,2.07,11700,5.06E+08,2.3,0.9,89.75903676,2130,92100000,0.419,396,17200000,0.078,5.37,536.8511907,507000,2.20E+10,8.657055853,8.704150517,7.96425963,7.235528447,10.34242268,0.144375996,0.152244963,0.064775498,0.027932112,0.095011212,0.233858393
S68,68,20,10,rainout,K,BS,4,Jul 5th,rain.K,RKBS3,7320,2.59E+08,1.85,7710,2.73E+08,1.95,0.95,94.90385586,2000,70800000,0.505,336,11900000,0.085,5.95,595.4991222,396000,1.40E+10,8.413299764,8.436162647,7.850033258,7.075546961,10.14612804,0.136437614,0.140100268,0.0711233,0.029158891,0.097622931,0.246412311
S69,69,21,11,control,D,BS,4,Jul 5th,cont.D,CDBS3,6650,4.10E+08,1.76,6560,4.05E+08,1.74,1.01,101.2552684,2380,1.47E+08,0.63,339,20900000,0.09,7.02,701.5280517,378000,2.33E+10,8.612783857,8.607455023,8.167317335,7.320146286,10.36735592,0.133057257,0.132294623,0.079456118,0.030004502,0.100668703,0.268155
S70,70,22,11,rainout,D,BS,4,Jul 5th,rain.D,RDBS3,8090,5.54E+08,2.65,6190,4.24E+08,2.03,1.31,130.6994267,2310,1.58E+08,0.756,245,16800000,0.08,9.43,943.4992996,306000,2.09E+10,8.743509765,8.627365857,8.198657087,7.225309282,10.32014629,0.163515899,0.142964577,0.08705819,0.028288044,0.11470661,0.312126467
S71,71,23,12,control,M,BS,4,Jul 5th,cont.M,CMBS3,5940,2.49E+08,1.55,8740,3.65E+08,2.28,0.68,67.9961729,2370,99200000,0.62,252,10600000,0.066,9.39,939.4472239,382000,1.60E+10,8.396199347,8.562292864,7.996511672,7.025305865,10.20411998,0.124822883,0.151576444,0.078821671,0.025693292,0.082555857,0.311441459
S72,72,24,12,rainout,M,BS,4,Jul 5th,rain.M,RMBS3,8210,3.83E+08,1.74,9470,4.42E+08,2.01,0.87,86.74173708,2600,1.21E+08,0.551,284,13200000,0.06,9.15,914.7084812,471000,2.20E+10,8.583198774,8.645422269,8.08278537,7.120573931,10.34242268,0.132294623,0.142253761,0.074297711,0.024497348,0.09340957,0.307303611
S73,73,1,1,control,M,BS,1,Jul 20th,cont.M,CMBS4,8970,3.65E+08,NA,10400,4.22E+08,NA,0.86,86.39918903,1450,59100000,NA,240,9750000,NA,6.06,605.6028348,NA,NA,8.562292864,8.625312451,7.771587481,6.989004616,NA,NA,NA,NA,NA,0.092869624,0.24872735
S74,74,2,1,rainout,M,BS,1,Jul 20th,rain.M,RMBS4,7500,2.38E+08,1.64,8190,2.60E+08,1.79,0.92,91.53297173,1170,3.70E+07,0.255,189,6.00E+06,0.041,6.18,617.5707799,458000,1.45E+10,8.376576957,8.414973348,7.568201724,6.77815125,10.161368,0.128415131,0.134193274,0.050519011,0.020249841,0.096064315,0.251230541
S75,75,3,2,control,D,BS,1,Jul 20th,cont.D,CDBS4,7820,3.88E+08,2.31,5940,2.95E+08,1.75,1.32,131.6782751,1230,61300000,0.364,226,11200000,0.067,5.46,546.4562647,339000,1.68E+10,8.588831726,8.469822016,7.787460475,7.049218023,10.22530928,0.152578158,0.132676475,0.060369074,0.02588725,0.115145527,0.235846802
S76,76,4,2,rainout,D,BS,1,Jul 20th,rain.D,RDBS4,6680,3.03E+08,2.05,7010,3.18E+08,2.15,0.95,95.33573504,1220,55200000,0.372,150,6790000,0.046,8.13,812.9597079,327000,1.48E+10,8.481442629,8.50242712,7.741939078,6.831869774,10.17026172,0.143671971,0.147159352,0.061029681,0.021449255,0.097622931,0.289143671
S77,77,5,3,control,K,BS,1,Jul 20th,cont.K,CKBS4,5130,2.11E+08,1.9,11400,4.70E+08,4.24,0.45,44.91501287,1210,49700000,0.448,139,5740000,0.052,8.66,866.2434137,270000,1.11E+10,8.324282455,8.672097858,7.696356389,6.758911892,10.04532298,0.138280757,0.207396204,0.06698288,0.022805485,0.067132453,0.298700795
S78,78,6,3,rainout,K,BS,1,Jul 20th,rain.K,RKBS4,8990,4.01E+08,2.34,9850,4.39E+08,2.56,0.91,91.23258887,1430,6.40E+07,0.373,176,7830000,0.046,8.17,816.808775,385000,1.72E+10,8.603144373,8.64246452,7.806179974,6.893761762,10.23552845,0.153573542,0.160690653,0.061111757,0.021449255,0.095539197,0.289874662
S79,79,7,4,control,K,BS,2,Jul 20th,cont.K,CKBS4,9900,4.28E+08,2.4,9170,3.97E+08,2.23,1.08,107.9001419,2670,1.15E+08,0.647,309,13400000,0.075,8.62,862.2654946,412000,1.78E+10,8.631443769,8.598790507,8.06069784,7.127104798,10.25042,0.155545801,0.149892507,0.080523301,0.027389552,0.104111025,0.297988933
S80,80,8,4,rainout,K,BS,2,Jul 20th,rain.K,RKBS4,6800,2.85E+08,2.07,7850,3.30E+08,2.39,0.87,86.57345489,1700,71300000,0.516,177,7410000,0.054,9.62,961.7605808,329000,1.38E+10,8.45484486,8.51851394,7.85308953,6.869818208,10.13987909,0.144375996,0.155218776,0.07189506,0.023239992,0.09340957,0.315362641
S81,81,9,5,control,M,BS,2,Jul 20th,cont.M,CMBS4,7370,1.99E+08,2.36,9190,2.48E+08,2.94,0.8,80.22788774,2130,57500000,0.683,232,6250000,0.074,9.2,919.9961135,312000,8.42E+09,8.298853076,8.394451681,7.759667845,6.795880017,9.925312091,0.154233674,0.172315771,0.082738181,0.027206297,0.089562407,0.308169645
S82,82,10,5,rainout,M,BS,2,Jul 20th,rain.M,RMBS4,4970,1.45E+08,1.63,8570,2.50E+08,2.82,0.58,57.97098322,1550,45300000,0.51,139,4070000,0.046,11.12,1112.270879,304000,8.88E+09,8.161368002,8.397940009,7.656098202,6.609594409,9.948412966,0.128020863,0.168728008,0.071475126,0.021449255,0.076231543,0.339978306
S83,83,11,6,control,D,BS,2,Jul 20th,cont.D,CDBS4,8120,4.35E+08,2.28,5660,3.03E+08,1.59,1.44,143.5241734,1840,98600000,0.517,265,14200000,0.074,6.96,695.737657,357000,1.91E+10,8.638489257,8.481442629,7.993876915,7.152288344,10.28103337,0.151576444,0.126431768,0.071964813,0.027206297,0.120289882,0.266978427
S84,84,12,6,rainout,D,BS,2,Jul 20th,rain.D,RDBS4,12400,6.20E+08,2.54,7210,3.62E+08,1.48,1.71,171.2634069,1890,94800000,0.389,259,1.30E+07,0.053,7.29,728.6032951,486000,2.44E+10,8.792391689,8.558708571,7.976808337,7.113943352,10.38738983,0.160056287,0.12195735,0.062410372,0.023023763,0.131142552,0.273393031
S85,85,13,7,control,D,BS,3,Jul 20th,cont.D,CDBS4,5830,3.46E+08,1.85,6830,4.06E+08,2.17,0.85,85.35091759,1430,85100000,0.455,261,15500000,0.083,5.48,548.1214941,315000,1.87E+10,8.539076099,8.608526034,7.92992956,7.190331698,10.27184161,0.136437614,0.147847238,0.067504945,0.028813707,0.092326557,0.236286568
S86,86,14,7,rainout,D,BS,3,Jul 20th,rain.D,RDBS4,8130,4.24E+08,1.93,7090,3.70E+08,1.69,1.15,114.5820605,1390,72300000,0.33,228,11900000,0.054,6.08,607.9083437,420000,2.19E+10,8.627365857,8.568201724,7.859138297,7.075546961,10.34044411,0.13937524,0.13036898,0.057477269,0.023239992,0.107444664,0.249146147
S87,87,15,8,control,M,BS,3,Jul 20th,cont.M,CMBS4,4520,1.36E+08,1.7,5300,1.59E+08,2,0.85,85.34046635,1360,40900000,0.512,163,4880000,0.061,8.37,836.6945531,265000,7.97E+09,8.133538908,8.201397124,7.611723308,6.688419822,9.901458321,0.130756325,0.141897055,0.071615376,0.02470069,0.092326557,0.293505435
S88,88,16,8,rainout,M,BS,3,Jul 20th,rain.M,RMBS4,3000,84700000,1.2,5640,1.59E+08,2.26,0.53,53.25408925,976,27500000,0.39,89.2,2510000,0.036,10.94,1093.88805,250000,7.05E+09,7.92788341,8.201397124,7.439332694,6.399673721,9.848189117,0.109764792,0.150905055,0.062490644,0.018974805,0.07286556,0.337105301
S89,89,17,9,control,K,BS,3,Jul 20th,cont.K,CKBS4,6750,2.92E+08,2.04,7300,3.15E+08,2.2,0.92,92.42557624,1270,5.50E+07,0.384,233,10100000,0.07,5.47,547.0007021,331000,1.43E+10,8.465382851,8.498310554,7.740362689,7.004321374,10.15533604,0.143318699,0.14887328,0.062007462,0.026460601,0.096064315,0.23606678
S90,90,18,9,rainout,K,BS,3,Jul 20th,rain.K,RKBS4,8280,2.92E+08,2.53,7080,2.50E+08,2.16,1.17,116.9322374,1220,43100000,0.374,151,5340000,0.046,8.09,808.5048766,327000,1.15E+10,8.465382851,8.397940009,7.63447727,6.727541257,10.06069784,0.159738192,0.147503684,0.061193724,0.021449255,0.108378581,0.288411039
S91,91,19,10,control,K,BS,4,Jul 20th,cont.K,CKBS4,8310,3.26E+08,2.19,12800,5.00E+08,3.37,0.65,65.11563273,2410,94300000,0.635,315,12300000,0.083,7.65,764.5851691,379000,1.48E+10,8.5132176,8.698970004,7.974511693,7.089905111,10.17026172,0.14853203,0.184622638,0.079771464,0.028813707,0.080710175,0.280240041
S92,92,20,10,rainout,K,BS,4,Jul 20th,rain.K,RKBS4,6890,2.95E+08,2.01,7690,3.29E+08,2.24,0.9,89.63083697,1650,70700000,0.482,203,8700000,0.059,8.12,812.348605,342000,1.47E+10,8.469822016,8.517195898,7.849419414,6.939519253,10.16731733,0.142253761,0.150230758,0.069482114,0.024292305,0.095011212,0.288960668
S93,93,21,11,control,D,BS,4,Jul 20th,cont.D,CDBS4,7330,5.08E+08,2.88,6420,4.45E+08,2.52,1.14,114.0918944,2540,1.76E+08,0.996,381,26400000,0.149,6.67,666.9250163,255000,1.77E+10,8.705863712,8.648360011,8.245512668,7.421603927,10.24797327,0.170530956,0.159419484,0.099966214,0.03861011,0.106974695,0.261224218
S94,94,22,11,rainout,D,BS,4,Jul 20th,rain.D,RDBS4,8090,4.62E+08,2.66,6480,3.70E+08,2.13,1.25,124.9048666,1390,79500000,0.458,248,14200000,0.082,5.62,561.53118,304000,1.73E+10,8.664641976,8.568201724,7.900367129,7.152288344,10.2380461,0.163826914,0.146468331,0.067727463,0.028639557,0.112037643,0.239344015
S95,95,23,12,control,M,BS,4,Jul 20th,cont.M,CMBS4,7920,3.85E+08,1.77,11400,5.53E+08,2.54,0.7,69.5549049,2310,1.12E+08,0.515,286,13900000,0.064,8.08,807.6932443,448000,2.18E+10,8.58546073,8.742725131,8.049218023,7.1430148,10.33845649,0.133436978,0.160056287,0.071825241,0.025300921,0.083763922,0.288227624
S96,96,24,12,rainout,M,BS,4,Jul 20th,rain.M,RMBS4,9040,3.86E+08,2.36,9890,4.23E+08,2.58,0.91,91.3726813,2520,1.08E+08,0.657,239,10200000,0.062,10.57,1057.092486,384000,1.64E+10,8.586587305,8.626340367,8.033423755,7.008600172,10.21484385,0.154233674,0.16132261,0.081144556,0.024902373,0.095539197,0.331133717
S97,97,1,1,control,M,BS,1,Sept 13th,cont.M,CMBS5,6890,3.47E+08,1.71,9030,4.54E+08,2.24,0.76,76.3178609,1330,6.70E+07,0.331,218,1.10E+07,0.054,6.11,610.7768235,403000,2.03E+10,8.540329475,8.657055853,7.826074803,7.041392685,10.30749604,0.131142552,0.150230758,0.057564386,0.023239992,0.087288784,0.249773136
S98,98,2,1,rainout,M,BS,1,Sept 13th,rain.M,RMBS5,7860,2.86E+08,1.92,9230,3.36E+08,2.26,0.85,85.11213771,1210,44200000,0.297,205,7450000,0.05,5.93,593.3694809,409000,1.49E+10,8.456366033,8.526339277,7.645422269,6.872156273,10.17318627,0.139011345,0.150905055,0.054524719,0.022362544,0.092326557,0.245989249
S99,99,3,2,control,D,BS,1,Sept 13th,cont.D,CDBS5,8120,4.48E+08,2.83,6640,3.66E+08,2.32,1.22,122.1934395,1730,95700000,0.605,258,14200000,0.09,6.72,672.2008775,287000,1.58E+10,8.651278014,8.563481085,7.980911938,7.152288344,10.19865709,0.169029783,0.15291065,0.07786039,0.030004502,0.110679441,0.262224479
S100,100,4,2,rainout,D,BS,1,Sept 13th,rain.D,RDBS5,7340,4.08E+08,2.72,5750,3.20E+08,2.13,1.28,127.5588936,1500,83500000,0.557,220,12300000,0.082,6.81,681.2752631,269000,1.50E+10,8.610660163,8.505149978,7.921686475,7.089905111,10.17609126,0.165681184,0.146468331,0.074701891,0.028639557,0.113379845,0.264016286
S101,101,5,3,control,K,BS,1,Sept 13th,cont.K,CKBS5,10500,4.06E+08,2.42,9680,3.73E+08,2.23,1.09,108.8829355,1570,60400000,0.361,282,10900000,0.065,5.55,555.1721953,435000,1.67E+10,8.608526034,8.571708832,7.781036939,7.037426498,10.22271647,0.156197864,0.149892507,0.060119484,0.02549786,0.104593667,0.237819828
S102,102,6,3,rainout,K,BS,1,Sept 13th,rain.K,RKBS5,6980,2.48E+08,2.4,7560,2.68E+08,2.59,0.92,92.35448396,1260,44600000,0.431,109,3860000,0.037,11.58,1157.564251,291000,1.03E+10,8.394451681,8.428134794,7.649334859,6.586587305,10.01283722,0.155545801,0.161637695,0.065697841,0.01923657,0.096064315,0.34722953
S103,103,7,4,control,K,BS,2,Sept 13th,cont.K,CKBS5,8340,3.32E+08,2.14,8810,3.51E+08,2.27,0.95,94.60138228,1480,5.90E+07,0.381,250,9930000,0.064,5.94,594.2397827,389000,1.55E+10,8.521138084,8.545307116,7.770852012,6.996949248,10.1903317,0.146814236,0.151241111,0.06176446,0.025300921,0.097622931,0.246200864
S104,104,8,4,rainout,K,BS,2,Sept 13th,rain.K,RKBS5,9870,3.40E+08,3.34,7370,2.54E+08,2.49,1.34,133.9179341,2390,82400000,0.809,167,5770000,0.057,14.29,1428.852999,295000,1.02E+10,8.531478917,8.404833717,7.915927212,6.761175813,10.00860017,0.183789616,0.158459646,0.090066146,0.023876941,0.116018468,0.38765792
S105,105,9,5,control,M,BS,2,Sept 13th,cont.M,CMBS5,5990,1.83E+08,2.07,7990,2.44E+08,2.76,0.75,74.88026659,1860,56600000,0.641,223,6800000,0.077,8.32,832.4646202,290000,8.84E+09,8.26245109,8.387389826,7.752816431,6.832508913,9.946452265,0.144375996,0.166906337,0.080148257,0.027752436,0.086711161,0.292601475
S106,106,10,5,rainout,M,BS,2,Sept 13th,rain.M,RMBS5,6790,2.14E+08,1.73,6970,2.19E+08,1.77,0.97,97.42803084,1880,59100000,0.477,133,4200000,0.034,14.07,1406.655006,393000,1.24E+10,8.330413773,8.340444115,7.771587481,6.62324929,10.09342169,0.131911691,0.133436978,0.069120212,0.018440134,0.0986485,0.384504634
S107,107,11,6,control,D,BS,2,Sept 13th,cont.D,CDBS5,11800,6.45E+08,2.52,6820,3.72E+08,1.45,1.74,173.6244757,2970,1.62E+08,0.633,289,15800000,0.062,10.28,1028.289768,470000,2.56E+10,8.809559715,8.57054294,8.209515015,7.198657087,10.40823997,0.159419484,0.120708866,0.079645474,0.024902373,0.132294623,0.326388606
S108,108,12,6,rainout,D,BS,2,Sept 13th,rain.D,RDBS5,12900,6.85E+08,2.97,7120,3.77E+08,1.63,1.82,181.5297209,2480,1.32E+08,0.57,173,9170000,0.04,14.34,1433.969912,436000,2.31E+10,8.835690571,8.57634135,8.120573931,6.962369336,10.36361198,0.173201554,0.128020863,0.075570252,0.020001334,0.135319983,0.388371746
S109,109,13,7,control,D,BS,3,Sept 13th,cont.D,CDBS5,5780,3.27E+08,1.78,5880,3.32E+08,1.81,0.98,98.28989174,903,51100000,0.279,239,13500000,0.074,3.77,377.4191798,324000,1.83E+10,8.514547753,8.521138084,7.7084209,7.130333768,10.26245109,0.133815648,0.134945433,0.052845043,0.027206297,0.099157358,0.195406055
S110,110,14,7,rainout,D,BS,3,Sept 13th,rain.D,RDBS5,6620,3.81E+08,1.93,5330,3.07E+08,1.55,1.24,124.0549405,1200,68900000,0.348,195,11200000,0.057,6.13,613.0831325,344000,1.98E+10,8.580924976,8.487138375,7.838219222,7.049218023,10.29666519,0.13937524,0.124822883,0.059025794,0.023876941,0.111586715,0.25019033
S111,111,15,8,control,M,BS,3,Sept 13th,cont.M,CMBS5,5670,1.46E+08,1.97,8900,2.29E+08,3.09,0.64,63.73147335,1290,33100000,0.446,182,4670000,0.063,7.09,708.5159456,288000,7.42E+09,8.164352856,8.359835482,7.519827994,6.669316881,9.870403905,0.14082166,0.17670207,0.066832974,0.025102437,0.08008558,0.269521808
S112,112,16,8,rainout,M,BS,3,Sept 13th,rain.M,RMBS5,3110,78600000,1.11,8860,2.24E+08,3.16,0.35,35.14084126,1270,3.20E+07,0.451,103,2590000,0.037,12.34,1233.888359,281000,7.09E+09,7.895422546,8.350248018,7.505149978,6.413299764,9.850646235,0.105552427,0.178713681,0.067207116,0.01923657,0.059195363,0.35894147
S113,113,17,9,control,K,BS,3,Sept 13th,cont.K,CKBS5,6860,2.73E+08,2.01,8770,3.49E+08,2.57,0.78,78.18250278,1660,65800000,0.485,162,6430000,0.047,10.22,1022.398574,341000,1.36E+10,8.436162647,8.542825427,7.818225894,6.808210973,10.13353891,0.142253761,0.161006931,0.069698359,0.021681182,0.088432826,0.3253995
S114,114,18,9,rainout,K,BS,3,Sept 13th,rain.K,RKBS5,8770,3.10E+08,2.59,8670,3.07E+08,2.56,1.01,101.0882854,1260,44600000,0.372,125,4430000,0.037,10.06,1006.456532,339000,1.20E+10,8.491361694,8.487138375,7.649334859,6.646403726,10.07918125,0.161637695,0.160690653,0.061029681,0.01923657,0.100668703,0.322749225
S115,115,19,10,control,K,BS,4,Sept 13th,cont.K,CKBS5,9050,3.41E+08,1.83,7310,2.75E+08,1.48,1.24,123.7899279,1290,48500000,0.261,316,11900000,0.064,4.07,407.0285104,493000,1.86E+10,8.532754379,8.439332694,7.685741739,7.075546961,10.26951294,0.135693524,0.12195735,0.051110409,0.025300921,0.111586715,0.203136584
S116,116,20,10,rainout,K,BS,4,Sept 13th,rain.K,RKBS5,8870,2.71E+08,2.08,8010,2.45E+08,1.88,1.11,110.6720838,2180,66600000,0.511,232,7080000,0.054,9.4,940.1954501,426000,1.30E+10,8.432969291,8.389166084,7.823474229,6.850033258,10.11394335,0.144726759,0.137546389,0.071545285,0.023239992,0.105552427,0.311612833
S117,117,21,11,control,D,BS,4,Sept 13th,cont.D,CDBS5,6910,3.85E+08,2.56,6990,3.90E+08,2.58,0.99,98.93884539,2470,1.38E+08,0.914,276,15400000,0.102,8.98,897.8023867,271000,1.51E+10,8.58546073,8.591064607,8.139879086,7.187520721,10.17897695,0.160690653,0.16132261,0.095749585,0.031942871,0.099663652,0.304343051
S118,118,22,11,rainout,D,BS,4,Sept 13th,rain.D,RDBS5,8610,5.56E+08,2.22,6350,4.10E+08,1.63,1.36,135.558122,2360,1.52E+08,0.607,182,11700000,0.047,13,1299.561649,389000,2.51E+10,8.745074792,8.612783857,8.181843588,7.068185862,10.39967372,0.149553513,0.128020863,0.07798924,0.021681182,0.116885005,0.368862984
S119,119,23,12,control,M,BS,4,Sept 13th,cont.M,CMBS5,6970,3.48E+08,1.8,10300,5.15E+08,2.67,0.67,67.47293163,2810,1.40E+08,0.724,306,15200000,0.079,9.19,918.8625252,388000,1.93E+10,8.541579244,8.711807229,8.146128036,7.181843588,10.28555731,0.134569866,0.16413736,0.085191199,0.028110641,0.081945208,0.307996608
S120,120,24,12,rainout,M,BS,4,Sept 13th,rain.M,RMBS5,8470,3.97E+08,2.06,8710,4.09E+08,2.12,0.97,97.21713797,2290,1.07E+08,0.556,209,9800000,0.051,10.97,1096.966605,412000,1.93E+10,8.598790507,8.611723308,8.029383778,6.991226076,10.28555731,0.144024402,0.14612163,0.074634678,0.0225851,0.0986485,0.337585566